Date,nvda,msft,googl,amzn,aapl,meta
2023-01-03,100.0,100.0,100.0,100.0,100.0,100.0
2023-01-04,103.03178907959855,95.6256884990026,98.83302785690422,99.207643547432,101.03142514333594,102.10838970148819
2023-01-05,99.65071517511413,92.79156503708417,96.72352014819764,96.85388375921303,99.96001792806226,101.7636762227524
2023-01-06,103.8002210283653,93.88513966909497,98.00267617307938,100.30296217333377,103.63797360072469,104.23281187349158
2023-01-09,109.17221043367232,94.79923348002933,98.76570204470221,101.79445458052155,104.06173789767861,103.7919035716645
2023-01-10,111.13518901592371,95.52134054205803,99.2145321909765,104.71918325117645,104.52547809554511,106.61376586386532
2023-01-11,111.77785815846366,98.40971689835605,102.6929894793849,110.80167405736483,106.7322366886822,106.5335973662258
2023-01-12,115.34054870375033,99.55339307940895,102.25537600094137,111.01141573275038,106.66828018404217,109.59595286121835
2023-01-13,118.0510298821682,99.85391156298216,103.36624760140505,114.33232707468726,107.747666534833,109.81241886595927
2023-01-17,123.66050976541989,100.3213919668484,102.43492010188588,111.92030225275164,108.69112988570089,108.51370886840192
2023-01-18,121.39016507118414,98.42641957686246,102.24416793484974,111.23281219287841,108.10746198509659,106.63779306191611
2023-01-19,117.1149230817955,96.80691489592868,104.40978478792758,109.15870500850818,108.15543553460176,109.1470191065385
2023-01-20,124.61756592095985,100.26713907246881,109.98653311721176,113.31857416199121,110.23426877640851,111.7284004860745
2023-01-23,134.07616644136,101.25220791572043,111.97262307282337,113.63318223007151,112.82480342353665,114.8549104433817
2023-01-24,134.57911098590986,101.02680932332487,109.6274535170619,112.23491032083194,113.9601733144755,114.75069016743763
2023-01-25,134.98429631802748,100.42993018799302,106.84469628807432,113.23700844878547,113.4244789633764,113.43595384442851
2023-01-26,138.33043240549202,103.51449004387388,109.42548468219499,115.61407780648952,115.10356553810752,118.08562838650604
2023-01-27,142.2633637983541,103.58127481199108,111.50135098914839,119.13306714907341,116.67867033908487,121.64502119278752
2023-01-30,133.85960531601555,101.30646081010002,108.77467709931466,117.1638352473939,114.33596406192426,117.89321416006968
2023-01-31,136.47923483513716,103.43517988849615,110.90664394890017,120.17012074125853,115.36740154731051,119.42440419769285
2023-02-01,146.30108197218644,105.49712717172928,112.69074786616657,122.52388941947348,116.27888664585836,122.75134154416227
2023-02-02,151.65212868984852,110.44329946592293,120.89316846437279,131.56607325054435,120.58848376863025,151.33076572099262
2023-02-03,147.39783605562712,107.83454865049168,117.5718047377691,120.47308291459228,123.53080387537912,149.5350429924001
2023-02-06,147.32101286331746,107.17506852476559,115.4622884273234,119.06315622061024,121.31604763364945,149.15823999238012
2023-02-07,154.89347799634285,111.67876578427442,120.78095877736945,118.9815905074045,123.65075626221747,153.61552488827505
2023-02-08,155.11702668509128,111.33233601585917,111.50135098914839,116.58122047021145,121.46797827280781,147.04985643595538
2023-02-09,156.03914502361135,110.03422330177382,106.60906884797596,114.47214893161362,120.62844732749254,142.63269880432426
2023-02-10,148.55046397621027,109.81719875130128,106.11533762342205,113.73805751276225,120.92473058692681,139.61039683283428
2023-02-13,152.20399951327087,113.24820783502865,106.16023009996253,115.98695090828643,123.19893848493804,143.84319027113557
2023-02-14,160.46804673266402,113.60299218593563,106.23877257999533,116.17338301418691,122.67842485570446,143.88329295514563
2023-02-15,159.02202115938212,112.69496323108031,108.77467709931466,117.87462598675621,124.38407152267514,142.02342805436538
2023-02-16,153.6989246953359,109.69470811793636,107.17010007951448,114.36728253891886,123.08682330003839,138.23954379049022
2023-02-17,149.4097075791393,107.98330302959344,105.8684849137538,113.26030912827456,122.15792356852117,138.59228272207875
2023-02-21,144.28921044867425,105.72789008067815,102.99595993516353,110.20741338543583,118.89877068859323,137.9509470310894
2023-02-22,144.98079253504199,105.24250051356682,102.83886637335884,111.61734007941789,119.24312623393504,137.18136386610522
2023-02-23,165.30912133723828,106.60661961851861,101.98608135387246,111.65229554364949,119.63548001288262,137.91886979993208
2023-02-24,162.66852912790475,104.28427271251304,100.01121666783077,108.94896333312265,117.48142197451452,136.5961203141971
2023-02-27,164.17045520841842,104.67760619676507,100.84155974991648,109.25192550645639,118.45034697514552,135.91469422932454
2023-02-28,162.1795197050288,104.36794178049516,101.0547538543533,109.79958481940729,118.04194853081158,140.24371936109776
2023-03-01,158.5609486550774,103.0498572034501,101.39138291536337,107.39920589221823,116.36031949371923,139.02517786117994
2023-03-02,162.86415423312658,105.07512994521716,103.23158737526188,107.35259564324411,116.84079551178871,139.91501991768686
2023-03-03,166.88787061006164,106.82420849249796,105.08302570646944,110.58028648723277,120.94076291026286,148.50890342879177
2023-03-06,164.54070272351618,107.48536212931323,106.74371187064085,109.24027072171387,123.1829308457026,148.22830754198998
2023-03-07,162.71016113734595,106.34717999435549,105.31867895178519,109.00722836683929,121.39719661435345,147.91565900428466
2023-03-08,168.94942850999212,106.158890537391,105.75627522675045,109.43835761235687,122.4141445326908,148.28443655145185
2023-03-09,163.74420050573158,105.58144488742039,103.59065837367262,107.49242639016646,120.58840971632847,145.65496390543362
2023-03-10,160.45337818353354,104.02063633767276,101.69432756592458,105.72128137912998,118.91480301192927,143.90732015319642
2023-03-13,160.46035241189287,106.2509466202503,102.23294266527985,107.702168065552,120.49232685476485,145.02165366729704
2023-03-14,168.12496270354694,109.12564948284292,105.44209670488019,110.5569769177477,122.18993884699208,155.53954425136996
2023-03-15,169.27780398484472,111.07141098844247,107.84334959979549,112.0950795739096,122.51027676245559,158.52974441144886
2023-03-16,178.45154128113109,115.57385635787296,112.56732151133244,116.56956568546892,124.80047995765196,164.2857147246474
2023-03-17,179.7371462671043,116.92543061613294,114.02602163715869,115.2994608484132,124.11984056786267,156.814177890369
2023-03-20,180.95982317730775,113.91264362925139,113.57720009262353,113.85457869019955,126.0416582457886,158.57784796805797
2023-03-21,183.04891794446954,114.56121350051234,117.7288982995738,117.23374617585709,127.54711685693891,162.06511001967957
2023-03-22,184.9283591394229,113.93772034968079,115.98967825710874,115.00815345982198,126.38598910702983,160.18118105046787
2023-03-23,189.97988741888543,116.18479168905853,118.49191556945749,115.0198082445645,127.26685357879037,163.76465021530765
2023-03-24,187.10129133238766,117.40244614132126,118.31238867199126,114.34397296943379,128.32388847649298,165.15152958310352
2023-03-27,185.36856229882835,115.64917732984041,114.9685830079869,114.23910657673902,126.74636463365741,162.61023859745072
2023-03-28,184.52313380217126,115.16794559454368,113.36399738644758,113.30691937724866,126.24185864365927,160.87862117066533
2023-03-29,188.53359514471023,117.37734347498349,113.76794365792054,116.81426282508605,128.74028456941952,164.62241504065727
2023-03-30,191.32136624200106,118.85862132913235,113.2069038246429,118.8534145452247,130.01349047807733,166.6185897386658
2023-03-31,194.07418618722735,120.63700577990515,116.39362452858168,120.356561737155,132.0474727091041,169.90541211099827
2023-04-03,195.38771475672712,120.18927021230046,117.10053265409412,119.33116292971239,133.06444531154204,170.81130507321075
2023-04-04,191.81042900505565,120.16833186425437,117.50447892556708,121.12560862023795,132.6320415793801,172.1340422688189
2023-04-05,187.81394278932464,118.97997034252946,117.2239676106674,117.80470616829706,131.13459295887264,169.5366345638311
2023-04-06,188.90389599998667,122.01787296870295,121.65619433599564,118.92332547368787,131.8552946439266,173.24035033006672
2023-04-10,192.69078198368788,121.09312187590993,119.43446833854657,119.0515014358677,129.74925952326487,172.1580940471234
2023-04-11,189.82617435904274,118.34812260920617,118.21138705107954,116.42973493854656,128.76430219929782,171.43660214862143
2023-04-12,185.1170233513301,118.62427788482988,117.4147111759644,113.99440943712192,128.20377564300077,171.5568364598904
2023-04-13,184.89346132753704,121.28139835992022,120.5453313372711,119.31950814496987,132.57598398693028,176.64741930379503
2023-04-14,186.95456583594893,119.73318006220401,122.1611164231629,119.4476841071497,132.29572070878172,177.5613254287334
2023-04-17,188.6593712859817,120.84619466605314,118.90708711050036,119.71568192625588,132.3117160059669,175.45295416243553
2023-04-18,193.3056475581033,120.66629871044294,117.25762621589884,119.20298696753258,133.3046956626271,174.67532096434482
2023-04-19,195.1501509360368,120.69976893222662,116.89855521748808,121.53344607626249,134.23358305209402,172.9196763395086
2023-04-20,189.37203607796334,119.72060926960386,118.14406984061665,120.96247719382653,133.44881378394734,170.81130507321075
2023-04-21,189.47679618884422,119.57414461691482,118.27872146502068,124.63295206807533,132.14358025476832,170.66699440338346
2023-04-24,188.93884715205118,117.90457730580152,118.90708711050036,123.7590299023016,132.39180357034536,170.58681361561707
2023-04-25,183.3423556023023,115.24746980366535,116.52826755124659,119.51759503561289,131.14260294951552,166.38609740847312
2023-04-26,188.33795670444374,123.59539716991112,116.37118259118103,122.32580252883048,131.13459295887264,167.86915930923342
2023-04-27,190.22443880297973,127.55386062467757,120.72486683647648,127.96550930475877,134.85817719148378,191.2458040738698
2023-04-28,193.87856108200552,128.57068077328407,120.44432971635936,122.87345295178538,135.8751497939217,192.65673521997022
2023-05-01,201.99030875629037,127.85932180379326,120.28723615455468,118.91167957894133,135.80308456223642,194.9494829697248
2023-05-02,197.09949443511917,127.79654567851762,118.17772844584809,120.75273551844101,134.96228238574054,191.79092036151408
2023-05-03,194.24887527232661,127.37391277725068,118.27872146502068,120.77604508792605,134.08942790462285,190.0192494112261
2023-05-04,192.57200674086508,127.79654567851762,117.47082892207479,121.1838736539546,132.7601520614649,187.20538799162426
2023-05-05,200.38331585886854,129.98919547511144,118.45824836248693,123.11815898139848,138.9901845525294,186.61214356711716
2023-05-08,203.67412484602193,129.15231020097767,120.92682706960424,123.31624587204149,138.93411461802927,187.00499747284266
2023-05-09,199.6217514581038,128.46188957953294,120.45556358766841,124.23677828678932,137.5487935244718,187.08512910010157
2023-05-10,201.81563300623583,130.6838063607562,125.39272960364218,128.39664744027235,138.98216221983623,186.8526613501626
2023-05-11,199.67066440193156,129.76324553216324,130.80115910155178,130.7154517642597,139.13431501589994,189.0251870787751
2023-05-12,198.00778433232264,129.28621703402072,131.8559129559051,128.47821315347804,138.38054897809982,187.4378680316901
2023-05-15,202.2907339775271,129.4912545748312,130.73383328934977,129.5735228893838,137.9796051321454,191.48628498653463
2023-05-16,204.10732710697874,130.44529859816203,134.10008949249394,132.1370332429843,137.9796051321454,191.45424462575795
2023-05-17,210.8496323694874,131.6782092445401,135.59245682529078,134.5840135291515,138.4767552601664,194.39634122922777
2023-05-18,221.32993734195887,133.57370055269325,137.82539088883146,137.6718736262178,140.36921120043533,197.89162873370213
2023-05-19,218.43737946369782,133.49819795936727,137.7468570105378,135.45793569492523,140.45740749185902,196.9216058894288
2023-05-22,217.82255389441647,134.68918001783652,140.31642013508858,134.01305353671157,139.68760913072288,199.0700921298636
2023-05-23,214.4129296593063,132.20658469532594,137.52242903479197,133.9897439672265,137.57063895349782,197.8034470733367
2023-05-24,213.3649284991574,131.61529041676846,135.65978263749278,136.04055047210767,137.79516553250423,199.78355857551284
2023-05-25,265.36117468408446,136.67696092202416,138.55475815522286,134.00139875196902,138.7173511886598,202.57335592668326
2023-05-26,272.11049418008645,139.59985830939445,139.82270611401296,139.95572248597358,140.67392408022258,210.06891995901245
2023-05-30,280.2501787729425,138.89533608675637,138.76795225965967,141.76183185123764,142.17343382312967,210.4537729921389
2023-05-31,264.3410704373728,137.71274752964143,137.87028336537196,140.50338179892447,142.1333468437644,212.21743077970103
2023-06-01,277.8677130231713,139.46986930851367,138.82404420055266,143.05522847778644,144.4106896225511,218.54259373910213
2023-06-02,274.77248913610583,140.6524578656286,139.89002332447583,144.7797721298448,145.10030168290643,218.54259373910213
2023-06-05,273.68256259553306,140.8789137537898,141.39362452858168,146.00326671792638,144.0017357859538,217.56454544197598
2023-06-06,270.0703656969311,139.93114864028198,142.85232465440794,147.52971458934573,143.7050205547591,217.34809172736198
2023-06-07,261.8598720169088,135.61177760023568,137.45511182432907,141.2607827872609,142.59043467652072,211.31953869008754
2023-06-08,269.09208015028594,136.40019591755402,137.05116555285613,144.7797721298448,144.79560114516948,212.10519734103107
2023-06-09,270.9088466353182,137.04179931242047,137.15215857202872,143.8242842508654,145.1083363576499,212.4018072631577
2023-06-12,275.8840184490343,139.16372056282643,138.73427645094995,147.48310434037165,147.37764446169314,217.29195042777323
2023-06-13,286.64489276123766,140.18696232375189,138.94748775886504,147.58797962306238,146.99274528112508,217.508428722641
2023-06-14,300.44535715416816,141.46599182223886,138.76795225965967,147.3083181292177,147.5059277324821,219.1358381636092
2023-06-15,298.04166201329167,145.97829663684595,140.36129540815082,148.11232936652823,149.15781242835826,225.9339497856141
2023-06-16,298.3141503159572,143.55859419619867,138.61085869785498,146.22465428805845,148.28376076836173,225.26856231632019
2023-06-20,306.1123244149666,141.76374706657182,138.1283613446101,146.5625719256238,148.35594942055,227.9381007759679
2023-06-21,300.78078686764803,139.880839523973,135.26704443211145,145.4556074049755,147.5139747492759,225.78162595306094
2023-06-22,300.64106226965794,142.45987578785562,138.18447048898136,151.6546193886012,149.95167778757394,228.3790459481756
2023-06-23,294.9391571918396,140.49308512353073,137.2755677233846,150.69914039961776,149.6950618777948,231.46544093134582
2023-06-26,283.9197430336893,137.80082091556753,132.78724045542424,148.36868129088788,148.56441899211978,223.24032267728123
2023-06-27,292.6122719082282,140.30438053203252,132.7760237875935,150.52434529846784,150.80167479154122,230.11863966730627
2023-06-28,287.30871128461484,140.8411624571268,134.85188149280773,150.36121387205642,151.75592509436885,228.70775768171336
2023-06-29,285.2473534103543,140.50566888908506,133.64002547491063,149.03286178127607,152.02854864338343,225.69348116307614
2023-06-30,295.58900058840885,142.80796609440586,134.31327499519165,151.89932541821432,155.5407999487558,230.06254752822505
2023-07-03,296.3646201262495,141.73859250841733,134.53769436919833,151.7361939918029,154.32994607819936,229.29293978298708
2023-07-05,295.6938140394684,141.80570160038903,136.6135520744126,151.92263498769935,153.42381742948047,235.98688028955536
2023-07-06,294.19844880092944,143.11407592123055,134.77333041103583,149.5688663094844,153.80874129414914,234.07888725191225
2023-07-07,296.99350083260686,141.41568270592992,134.06642228552337,151.2234901430836,152.90260030337996,232.90844930860354
2023-07-10,294.7365445232138,139.1553530073805,130.66649887540862,148.1356300460173,151.24270561686092,235.77040199468757
2023-07-11,296.3087462891071,139.42375045640475,131.44075001660136,150.05826058871864,150.81771945692756,239.12941657231434
2023-07-12,306.76912870485046,141.4073021775298,133.44927330787448,152.41202926693362,152.17288892160903,247.98782048426173
2023-07-13,321.2684027783566,143.69698967138794,139.74416363398018,156.4903327072109,152.79033701387672,251.25062794867029
2023-07-14,317.7186938990504,144.7789340499766,140.73159167613144,156.93310784747504,152.9106349781234,247.61102977436863
2023-07-17,324.6503834658781,144.9844256441834,139.8675899888143,155.62805643618373,155.55680758799127,249.01394775774315
2023-07-18,331.8685364621793,150.7547697174147,138.86892807535398,154.77744383989508,155.34832567437118,250.16034621287423
2023-07-19,328.9547491928131,148.90539726137047,136.92773059628286,157.72547319003905,156.4469162554244,253.3349597267905
2023-07-20,318.0750596326529,145.46245305979772,133.75222656017485,151.43324070846512,154.8672078696862,242.52045922059088
2023-07-21,309.6130670102663,144.16247224031048,134.67234599360236,151.47984206744326,153.91298225095917,235.8986863390631
2023-07-24,311.73032539175864,144.7243827776509,136.36669076300524,150.0815701582037,154.56248264784867,233.77423958680592
2023-07-25,319.1860822138841,147.1860397521154,137.12970803288894,150.46609804474318,155.26014172499777,236.06701191681427
2023-07-26,317.59990532118286,141.64632885829116,145.05160871445634,149.3241602798713,155.96578610868917,239.35388344965423
2023-07-27,320.73036039625083,138.68985746550376,145.19747700669112,149.44069034730458,154.93938417982415,249.8877757789252
2023-07-28,326.6697892896255,141.8979652505152,148.76568484122396,154.05500720578624,157.0322873589697,260.926718582211
2023-07-31,326.5230771282315,140.8705202524355,148.92280420824605,155.7678782931101,157.529449829041,255.41125376193102
2023-08-01,324.97181138246077,141.04664107837942,147.60995517117632,153.4490828591187,156.85587009202172,258.7060892969894
2023-08-02,309.3335911441968,137.3395545567534,144.05296400447426,149.39408898832647,154.4261770443665,251.9721075570454
2023-08-03,311.0525317415735,136.9872739860031,144.13149788276795,150.20974612038353,153.29553415869148,251.07426462793944
2023-08-04,312.2054797032286,137.4569338461715,143.74998494695652,162.63109743711195,145.93427870558799,249.10216628848923
2023-08-07,317.35536727213326,138.43404378203388,147.5875046320365,165.71894864418226,143.4163646824085,253.7758557384907
2023-08-08,312.0937053588544,136.73146030253318,147.44163633980173,163.06222668262956,144.1781530529018,250.6333440359855
2023-08-09,297.3498665662093,135.12953397451295,145.48923079463898,160.6269011812049,142.8871128815645,244.67693404349782
2023-08-10,296.1899310411503,135.4230600357833,145.52289800160955,161.4542042080085,142.71068327256623,245.10180372974622
2023-08-11,285.4779430026853,134.6179195805273,145.3770125058965,161.27942688685053,142.75887897897675,241.81500593766754
2023-08-14,305.7279817576589,135.88855557766001,147.36308525802983,163.79632699147692,144.09984274376615,245.4625435339338
2023-08-15,307.034629444112,134.97433852366095,145.623882419043,160.41715061582335,142.48588516845325,242.06351230318512
2023-08-16,303.8623023287989,134.64656386335614,144.41201779940675,157.38756444246968,141.77926576278838,235.92272582724075
2023-08-17,302.87004165534574,133.16730979005933,145.7809501756303,156.117450715418,139.71565026899808,228.54739610618054
2023-08-18,302.55562797225645,132.99923219570687,143.0206348840434,155.23188265489773,140.10909014837182,227.07231049776547
2023-08-21,328.18611721837635,135.26852620559447,144.04173013316523,156.93310784747504,141.1930924259738,232.40339883458873
2023-08-22,319.1092190164404,135.51226206872306,144.83842321175865,156.43206767349426,142.309208718449,230.55956025926022
2023-08-23,329.22729083565724,137.42018146698035,148.53004879938646,157.9119141859355,145.43275949176177,235.88263543335754
2023-08-24,329.55565297546514,134.46585061163262,145.623882419043,153.62386018027667,141.62669333701456,229.87814646451454
2023-08-25,321.5549195480087,135.73081742778882,145.73606630082895,155.27848401387584,143.4173026782311,228.87605867921076
2023-08-28,327.263732178963,136.0333856381224,147.00401425961905,155.1386621569495,144.68599139648015,232.69202017424328
2023-08-29,340.8825732635688,138.01274709504744,150.99866191346032,157.20112344657323,147.84164384261592,238.88892336952264
2023-08-30,344.2365770273852,138.17244416099982,152.46857870711733,157.38756444246968,150.67609442976735,236.57208697108288
2023-08-31,344.8724719672358,137.73957559888507,152.79398249855748,160.81332439710937,150.8527338536207,237.20539720921946
2023-09-01,338.96099332747707,138.11778910504066,152.22172599744908,160.9415003592892,152.12945724661324,237.59821424456428
2023-09-05,339.23348163014253,140.1727958577876,152.34514375054405,159.95106590607418,152.3221907040541,240.6205039259274
2023-09-06,328.87004498910693,139.89123086027098,150.87522695688705,157.72547319003905,146.87005295912073,239.83486985523768
2023-09-07,323.13973626615416,138.64310293864006,151.77287004595738,160.6269011812049,142.57419253832964,239.43406423742067
2023-09-08,318.4646562975582,140.47536406812125,153.02961854039495,161.069676321469,143.07202147911698,238.80871800150248
2023-09-11,315.71131628559,142.0176666987315,153.6355250449957,166.74435634162086,144.01953302248234,246.56086301270955
2023-09-12,313.5589600665419,139.42476234683076,151.86265499903834,164.56536498456384,141.56246530726798,241.8310076828656
2023-09-13,317.8566849412341,141.2276137891865,153.39992341011475,168.78350806175953,139.88425501810795,244.556687442102
2023-09-14,318.5275710382832,142.3370608306362,154.95960795337444,168.63202253009464,141.11279504674027,249.8957889416511
2023-09-15,306.7804368227256,138.773390317467,154.1741315426118,163.58657642609538,140.52663405197598,240.74873910979537
2023-09-18,307.24164267747693,138.28590561825564,155.0830429099477,163.10882804160767,142.90340438795678,242.5445232890223
2023-09-19,304.124922698413,138.1135988408406,154.89225633595504,160.37054925684524,143.78667555952532,244.5647006048279
2023-09-20,295.173107215426,134.80207066510843,150.06731721046287,157.64389858683734,140.91205159865652,240.23570005330842
2023-09-21,286.63355797327324,134.28094709570908,146.36444054804775,150.69914039961776,139.65943222989438,237.07711286484394
2023-09-22,290.77750311289947,133.22193890011013,146.1512550453501,150.45443437000466,140.34996994402204,239.76270223019714
2023-09-25,295.05429196746917,133.44467155042173,147.11623254836155,152.9596885798845,141.38582588341464,241.1655956333179
2023-09-26,292.8809997282985,131.1753386216716,144.26616671065023,146.7956231704944,138.07760101150507,239.6664705367252
2023-09-27,296.7733925853818,131.448510117834,146.47665883679025,146.7956231704944,136.84906098287274,238.6884959803604
2023-09-28,301.1130428404979,131.8057204111726,148.46274879240184,146.7956231704944,137.05785144775027,243.67487083844784
2023-09-29,303.9781838669296,132.69243480231066,146.835729835201,148.12398415127075,137.47539535135442,240.66860748253652
2023-10-02,312.94402781690314,135.23488733540646,150.54982316544687,150.85062593128265,139.51491916296462,245.96764316845614
2023-10-03,304.10396000820106,131.70066542822522,148.59740041680587,145.32743144279567,138.43089220126205,241.2538387443177
2023-10-04,307.765816613132,134.04141446973472,151.7504539137741,147.9841534043484,139.44264411642428,244.97354396562451
2023-10-05,312.28711684666195,134.20950503704134,151.5596845432597,146.77231360100933,140.44633667274243,244.3402583077417
2023-10-06,319.7923733545805,137.52945266003616,154.376117580957,149.10277270973924,142.51799918332654,252.8699750664051
2023-10-09,316.3751614790565,138.605273804252,155.31866174830694,149.45233624205113,143.72244752977875,255.2188641157484
2023-10-10,320.0439789773021,138.004340620739,154.9147240785731,150.87391772077572,143.24063857027716,258.00864917679195
2023-10-11,327.08805630055855,139.69792087003896,157.70872378060886,153.61221428553014,144.37283655428962,262.80263438869673
2023-10-12,328.0594076239784,139.1684037992853,155.93581932769496,154.1948290627126,145.1035353000843,259.868538657826
2023-10-13,317.68893007936015,137.72696588742238,154.12924766781046,151.23513603783013,143.61003613567195,252.27675522215173
2023-10-16,322.11947199890653,139.79037911447782,156.08168761992977,154.45118098707226,143.50562239015775,257.455495146168
2023-10-17,307.0459909021658,139.54664325134925,156.7773790776114,153.19273093475908,142.24496834665214,259.7402297331967
2023-10-18,294.8725886488766,138.7271417358163,154.8025057898306,149.30086849037824,141.1930924259738,254.10451831152093
2023-10-19,294.2087434554101,139.23564262079879,154.5668697479931,149.61546766846254,140.887984600577,250.7696169628331
2023-10-20,289.21919646354615,137.28152653270752,152.15440878698618,145.8517811862615,138.81633443204322,247.434641873384
2023-10-23,300.3164072722666,138.39516383835726,153.164270164799,147.4714495556291,138.91267647666305,251.73158977399993
2023-10-24,305.1242242754487,138.90363877743138,155.7562666250113,149.80190866435902,139.26598000847034,250.56120099119875
2023-10-25,291.95848133843845,143.16492990161507,140.94478578056825,141.44721489316137,137.38706329737744,240.1234911948922
2023-10-26,281.8047516097899,137.79421768189007,137.20825051292172,139.326497459817,134.00657572097782,231.1607932662395
2023-10-27,283.02069432243803,138.6010705670978,137.08482415808757,148.84642078537956,135.07452099114317,237.878822421493
2023-10-30,287.6398737838023,141.75290167687757,139.6543958843775,154.63762198296874,136.73663724671567,242.63269265926084
2023-10-31,284.9773454259963,142.0891087573992,139.22800767550387,155.08039712323284,137.12207947749684,241.51832227477956
2023-11-01,295.7741176784354,145.4342628303652,141.8873299479182,159.63644894799788,139.69154624476766,250.00000921759516
2023-11-02,304.02707014066806,146.37979659575413,143.05430209101397,160.88325310556453,142.58225189717368,249.21435056665166
2023-11-03,314.5023611363458,148.26250954404023,144.86087375089843,161.5008233469786,141.84349379253496,252.204612177365
2023-11-06,319.7155368272262,149.83001862462166,146.1512550453501,162.82918432775494,143.91514396106874,253.16658498853178
2023-11-07,321.14113311208274,151.5110151083673,146.959147588296,166.2899175266182,145.99482880434599,255.5876662431694
2023-11-08,325.4668082403909,152.6330588883255,147.9353589626165,165.55581721777085,146.8539836096338,256.35724940815356
2023-11-09,328.09434544099827,151.57825392988082,146.14002117404107,163.83128245570848,146.4685784050035,256.97448416033086
2023-11-10,337.7729208581768,155.3520733278073,148.77693591601124,167.28035197983323,149.86957846899705,263.56420439095507
2023-11-13,339.7645631189336,154.09551298595957,148.21586167577706,166.15007788969987,148.58314188242062,263.900904706965
2023-11-14,347.00431888759056,155.60418971933598,149.93266558605885,169.89047258240782,150.7057647186818,269.6087837536813
2023-11-15,341.6373901317336,155.66738097914538,151.05474525261414,166.86086862906217,151.16403738826665,266.7227669991658
2023-11-16,345.7744277182238,158.40450566266207,153.64675891630472,166.4297393835446,152.53089477457956,267.9092312679263
2023-11-17,344.50258449834394,155.74315600450913,151.82897058858947,169.168018168307,152.5148254250926,268.59069422317947
2023-11-20,352.26640752229866,158.93927677985852,152.88375024816017,170.27500046894727,153.92987851781604,272.5428549042983
2023-11-21,349.01689716846994,157.09911512128187,153.69164279110606,167.67652576111922,153.27862554978435,270.1459114588534
2023-11-22,340.4354225458934,159.1119338270364,155.39721283007884,170.95083574407798,153.81731901910567,273.76142098446985
2023-11-24,333.8665795443748,158.93508651565847,153.3774556674967,170.9857912083096,152.739932080463,271.148023824411
2023-11-27,337.12305079151827,159.4319766066501,153.06328574736554,172.13935708793602,152.5951968566279,268.31812378923047
2023-11-28,334.18099322746417,161.15427897650397,153.9497121686051,171.32369995587894,153.08566993543812,271.75724541386234
2023-11-29,336.41026598413464,159.53303591971013,151.469916793657,170.49639692907533,152.25753070254714,266.31397279887665
2023-11-30,326.83647734792635,159.5583072344522,148.70958429859184,170.22838132997717,152.72386273097607,262.2655312637784
2023-12-01,326.8015128608171,157.70548397259617,147.9578095017563,171.32369995587894,153.7610516118008,260.3976532002722
2023-12-04,318.03137402633337,155.4441813024833,145.05160871445634,168.771844387021,152.30575109305826,256.5496390543362
2023-12-05,325.43952473900816,156.86748302440296,146.9815981274358,171.148922634721,155.51382022680616,255.1627719766672
2023-12-06,318.0104113361215,155.30099880720172,145.89318566785107,168.39898017522003,154.62938890250973,254.48934676439364
2023-12-07,325.6491516411273,156.20636830645023,153.64675891630472,171.148922634721,156.19723657791232,261.8165729288448
2023-12-08,332.0089544824919,157.5875727920567,151.469916793657,171.77813877088158,157.35501963219085,266.75484423032316
2023-12-11,325.865819446829,156.35374106593184,149.56236071633907,169.99533897510258,155.32085227040963,260.76640616718566
2023-12-12,333.0642632471167,157.6507251330036,148.6983848342393,171.84804969934478,156.55100910763088,267.9333199166115
2023-12-13,336.07643647601446,157.64650892289518,148.75448537687143,173.43276260448079,159.16406799655138,268.35015185988027
2023-12-14,337.90749812892653,154.09245136877314,148.04756004788072,171.77813877088158,159.2846745120555,267.091544546333
2023-12-15,341.6814224492143,156.11372844065286,148.78815258384202,174.74947769051062,158.85050586670104,268.4944871099613
2023-12-18,349.97710039455063,156.92222889104139,152.37881095751464,179.52692597540369,157.49974251397566,276.2706224488385
2023-12-19,346.6713961625075,157.17909338379985,153.33257179269532,179.20064534258887,158.34396343840388,280.87224259481445
2023-12-20,336.23715043430576,156.06740202127708,155.22889399870422,177.25471412039846,156.6474745727537,280.00640315610457
2023-12-21,342.380312140058,157.29700456433932,157.56282108141752,179.25891037630552,156.52686805724957,283.8624058845128
2023-12-22,341.2621153047974,157.73494555153832,158.76345182974475,178.7695160970713,155.65854310859098,283.3012878516705
2023-12-26,344.4000380048773,157.76863631354308,158.79711903671532,178.75787020232474,155.21631510439246,284.45565030901986
2023-12-27,345.36448177516115,157.52019126804723,157.5067205387854,178.67629559912305,155.29672356207863,286.86068065795195
2023-12-28,346.098335953114,158.02972998936414,157.34963557871984,178.72291473809315,155.64246141705374,287.2535222735506
2023-12-29,346.098335953114,158.34975979602365,156.74371187064085,177.0449813350089,154.79822815057526,283.75821018882243
2024-01-02,336.63552155860003,156.1726775444455,155.0381418316681,174.70285855154052,149.2585235587833,277.6094351304059
2024-01-03,332.44925098721,156.05898257401444,155.87970158158458,173.0016333589632,148.14093856232267,276.1504004276964
2024-01-04,335.4474490892998,154.9388587912748,153.04083520822573,168.45724520893668,146.25952875706975,278.2748225996998
2024-01-05,343.1280881046401,154.8588416098943,152.300277079221,169.23794687676218,145.67257787108642,282.14690081406724
2024-01-08,365.1847053705226,157.7812719709141,155.78993383198187,173.73573366781054,149.19418445058406,287.5260927074996
2024-01-09,371.3837409134172,158.24447129990105,158.157545325144,176.38079195462475,148.85651829650334,286.54000666739387
2024-01-10,379.84015948713414,161.18372758249194,159.64989545446258,179.1307344141257,149.70072687888123,296.9937673694059
2024-01-11,383.13887615577335,161.96699563700093,159.42549328393412,180.8203137119565,149.21830081686477,296.3524439685434
2024-01-12,382.35608236390334,163.5840095107322,160.06506699550542,180.16778800631084,149.48365489825431,300.2164352794237
2024-01-16,394.04136864230907,164.3419673316365,159.88554869977833,178.46656281373353,147.642430808769,294.5807484380017
2024-01-17,391.74206023106296,164.0051116034059,158.74103569756147,176.77698351590274,146.87860599997666,295.3102412091027
2024-01-18,399.1082322231353,165.85793486526194,160.99641169850284,178.86273659501953,151.66255748387064,301.5311838925597
2024-01-19,415.769490417937,167.87919896418742,164.2504668163828,181.00675470785293,154.01832165024567,307.3993999345551
2024-01-22,416.90867661349876,166.96962622778472,163.81284473620013,180.3542290022073,155.89170912280542,306.06058725298766
2024-01-23,418.43921969986144,167.97604206713905,164.9910077419093,181.79912005041695,156.92887331952957,308.8023179179296
2024-01-24,428.84548850435806,169.51728091550657,166.8536627409476,182.78955450363196,156.38215751751508,313.2114746769617
2024-01-25,430.62761054335306,170.49001896581035,170.41067111112793,183.81496220107053,156.11681577817583,315.1995993418637
2024-01-26,426.532204966304,170.09417521492455,170.76974210953867,185.4113210009531,154.7097726760953,315.9692316673554
2024-01-29,436.55410444340356,172.53233816936958,172.25087557102646,187.9049115360944,154.15500985728704,321.48469648763535
2024-01-30,438.71360824639163,172.05649021005743,169.950632898762,185.27149914402673,151.18816609659766,320.7150887423974
2024-01-31,429.9986498267278,167.42020287235476,157.20376728648503,180.84362328144155,148.2615327357765,312.76259008278936
2024-02-01,440.4818084987573,170.03100990102348,158.3931813669815,185.59776199684956,150.23943269025287,316.4822953040961
2024-02-02,462.3776851362591,173.16399130838016,159.76211374320505,200.198086890643,149.42737514889913,380.78404249925876
2024-02-05,484.54607674651584,170.8184811926867,161.22081386903128,198.45024255909559,150.89873267507832,368.29405357573563
2024-02-06,476.7955354270465,170.75108669572305,161.69210315618452,197.09857200883417,152.20125095319196,364.5342333802918
2024-02-07,489.9063913202195,174.35568687932928,163.3079054455546,198.70659448345523,152.28968174357132,376.45501736748554
2024-02-08,486.7055538794145,174.38095819407138,163.72307698659745,197.9025832461447,151.41330977811893,376.78370452076956
2024-02-09,504.1216556124703,177.09282453580013,167.19031760717507,203.2742922029668,152.03318925429517,375.2685530987251
2024-02-12,504.92533208428415,174.86523857360035,165.54083090735617,200.81565713205705,150.66459163889036,375.90186333686165
2024-02-13,504.0866644552717,171.1006040272331,162.8590494940629,196.50431133690515,148.96595525648848,368.8632339318113
2024-02-14,516.4708137544318,172.7543573072013,163.75674419356804,199.23094422692108,148.24946221058585,379.41317716678776
2024-02-15,507.79071314151986,171.51826828704918,160.1997358233877,197.85598188716656,148.01601232921456,388.0311124561972
2024-02-16,507.4762194481625,170.4635800851921,157.67503937016002,197.51805535960523,146.76816933391743,379.4452543979451
2024-02-20,485.38469103534953,169.92781005052382,158.3482802887019,194.68655607689456,146.16438389132873,378.1866225041441
2024-02-21,471.5469685276277,169.67043961255234,159.9528659102412,196.44604630318852,146.7762286927615,375.60252500656753
2024-02-22,548.8847868809831,173.66561652764742,161.68086928487548,203.42577773463168,148.4265582903002,390.1281276452578
2024-02-23,550.8346371117627,173.11295570663714,161.53501819611898,203.90352611911936,146.9372430809386,388.4428317066838
2024-02-26,552.7565904291051,171.9317163367569,154.36490091312623,203.6005550557896,145.84237979907513,386.60506445403416
2024-02-27,550.0239197363662,171.90639313019807,155.8348177067832,202.21392904129664,147.02578494977064,390.8663955669512
2024-02-28,542.769602098936,172.00763406461658,153.02961854039495,201.77115390103245,146.05167628801482,388.43476938345043
2024-02-29,552.8963416971844,174.505161257388,155.36356282658653,205.9659696287511,145.51230400592715,393.33818588509655
2024-03-01,575.0297421502427,175.28984336390258,153.8823949581422,207.66721260132041,144.63479657184743,403.10480559323673
2024-03-04,595.702581831335,175.04516047511888,149.62971233375848,206.92146639772653,140.96378947350232,399.8064796621444
2024-03-05,600.811610823389,169.86873121718938,148.86670366561393,202.88976431642732,136.95464722316518,393.41040267064454
2024-03-06,619.9337981707653,169.6324807486225,147.44163633980173,202.17897357706502,136.14959996638026,398.1211837235705
2024-03-07,647.6735181014897,172.60672508863607,150.78545920728436,206.03589833720628,136.05298639665386,411.04172037196065
2024-03-08,611.7426136354165,171.37482633268402,151.94120608081022,204.32300946989042,137.44572506243998,406.03405901411674
2024-03-11,599.4837070757413,170.65764250676654,154.47710199839045,200.37288199179292,139.07191360959737,388.08968720090826
2024-03-12,642.3898000243365,175.19702187674667,155.4084294979096,204.3696108288686,139.45833086235203,401.05840114666887
2024-03-13,635.226000670086,175.12110414888696,156.8558957524268,205.7329272738765,137.7677538387942,397.70388475548026
2024-03-14,614.6500267534334,179.39049039647878,160.57000628615097,208.28478284273447,139.27317542379362,394.70243912930596
2024-03-15,613.9021441084939,175.67798118000565,158.41561470264304,203.2393367387352,138.96726536512753,388.49899758652634
2024-03-18,618.221471755542,176.0576606299835,165.70914973873076,203.30924766719835,139.85281981600102,398.83543673734005
2024-03-19,624.8122909106669,177.78314137361141,164.97979107407852,204.96387150079758,141.75274269669973,398.2415532262351
2024-03-20,631.6196178509575,179.3947066065872,166.89854661574896,207.5856379981187,143.83780867390655,405.68892767106706
2024-03-21,639.0489979547375,181.1412943466655,165.61939919260635,207.5856379981187,137.96095629414634,407.4865799495798
2024-03-22,658.9959844846755,180.87550446143138,169.1763903593084,208.42460469966082,138.69354337363652,408.94713862802246
2024-03-25,663.9791306551008,178.39485508204777,168.39093115202402,209.40341103812128,137.54235097421665,403.68263819863614
2024-03-26,646.918701233325,177.88438230802996,169.06417207056592,207.76043309926862,136.6245714300172,397.96069924676885
2024-03-27,630.76686841478,177.79157379382823,169.28857424109435,209.54323289504765,139.52274402285303,396.3315691880374
2024-03-28,631.5077634963154,177.49205422772684,169.3559086550355,210.18411270594677,138.04951050502868,389.6867154482286
2024-04-01,631.5566764401432,179.11626809102785,174.4726187719538,210.871593875824,136.8821870458704,394.3172419726268
2024-04-02,625.1896193344812,177.79580297689083,173.42905578021387,210.54533102300118,135.92418475975242,399.1484171084711
2024-04-03,621.7789416308426,177.37813871707473,173.83301065342596,212.54952727890824,136.57627698720432,406.6680083388511
2024-04-04,600.3992379021975,176.2939110985504,168.90708711050036,209.74131978569065,135.9080907261649,410.02254931029347
2024-04-05,615.0973374916448,179.51705453745612,171.11757923664038,215.64904216071707,136.51992318554736,423.19990044997223
2024-04-08,608.9818860087045,179.12470051124467,173.75449397861058,215.78886401764345,135.6102276842926,416.7075671847467
2024-04-09,596.5481836835727,179.83768110000793,175.71813339508236,216.34816922534088,136.59237102079186,414.8216226347267
2024-04-10,608.3248950281953,178.56360727001757,175.20196023312778,216.67443207816368,135.0708307181043,417.172969709446
2024-04-11,633.3249033625982,180.533757929475,178.8711868920506,220.2866508086918,140.91547034658885,419.8453348982762
2024-04-12,616.3414438186234,177.9898524255111,176.98606415039418,216.88418264354522,142.1311005906103,410.8089945293573
2024-04-15,601.0702040095146,174.505161257388,173.76571064644133,213.95944508289432,139.02361916678447,401.44362288360173
2024-04-16,610.9528056100534,174.90170554779954,173.24952028100847,213.6098904405784,136.35892113942054,401.06646346990226
2024-04-17,587.3296139671257,173.7457764115239,174.45016823281398,211.2328121928784,135.24795148191924,396.5803705166001
2024-04-18,591.7746644152667,170.5521723892854,175.05607473741472,208.83244215568536,134.47509229230937,402.7035821111058
2024-04-19,532.5699998166432,168.37950094212837,172.9016831539068,203.48404276834833,132.83280971156444,386.0673714030255
2024-04-22,555.7598558481673,169.15575062842612,175.35906239667162,206.513628941702,133.50904298939764,386.5970267110545
2024-04-23,576.0632081117077,171.9443649670821,177.58077119064242,209.20530636748632,134.36238468899546,398.1292214665501
2024-04-24,556.871091790113,172.5729435159521,178.55701697191947,205.7678827381081,136.0690927722917,396.0426528853377
2024-04-25,577.5239289042094,168.34574531535273,175.04487527306222,202.36541457296147,136.76949178460677,354.21541827142437
2024-04-26,613.1893593011104,171.41702735263064,192.94210100574975,209.29852686543455,136.29450797891954,355.7482428959226
2024-04-29,613.3430856959976,169.6999660562654,186.43400797346808,210.85994798107745,139.67571139423637,347.1853673749364
2024-04-30,603.8728570166505,164.24931449288496,182.65259743275934,203.91517201386588,137.12370862813606,345.2192174568962
2024-05-01,580.3824290783984,166.6160743075248,183.86442764543906,208.5760902313257,136.29450797891954,352.4579055473024
2024-05-02,599.7842256422907,167.83948875144333,186.9613805997752,215.24120470469254,139.29734115827551,354.45618185700744
2024-05-03,620.5558513342545,171.56044336108744,187.65707205745687,216.97740314149345,147.62957039235934,362.70602784635497
2024-05-06,643.9763502982883,174.46297321039557,188.62208396742489,219.8788133526673,146.28515085348673,373.71660503680124
2024-05-07,632.8916210913734,172.69108820966682,192.1566245949871,219.94872428113047,146.84064185326253,375.7710472263488
2024-05-08,631.8992270674737,173.19731882766786,190.05835075758958,219.06315622061024,147.11435150270324,379.270046349141
2024-05-09,620.2623203311091,173.94828422626932,190.70914113699163,220.81100055215765,148.5875973625779,381.5331503128605
2024-05-10,628.1669614267164,174.9692168013508,189.23922434333463,218.4572318739427,147.56378726427533,382.1591356353765
2024-05-13,631.808388743222,174.53890391120947,189.78903030530324,217.39688649226449,150.16762664162383,375.58649868111576
2024-05-14,638.4968737654666,175.73703406743172,191.13554654934353,217.97950126944698,151.09467506559645,378.668174255564
2024-05-15,661.3791703268587,178.80961340012763,193.57045804949027,216.7210512171338,152.94073723879825,386.44453081672503
2024-05-16,659.4851672631321,177.92628495003044,195.44432971635936,213.97110875763286,153.0374742290276,379.7756130084848
2024-05-17,646.3455610136634,177.5966292113696,197.55385462854423,215.2178951352075,153.0616646476101,378.7163023924268
2024-05-20,662.4276248785261,179.7647730975179,198.51884933503396,213.86622458494608,154.00483178927084,376.25257439751493
2024-05-21,666.6629950843691,181.3285329943414,199.56237791981735,213.41178576994344,155.06089166499996,372.8739939378949
2024-05-22,663.6157773580943,181.95403695307078,197.9129084234767,213.38849398045036,153.89198842340366,375.4019009753752
2024-05-23,725.4623810055624,180.46635045955716,194.73742159084694,210.96481437377227,150.65131159277058,373.79688414558274
2024-05-24,744.123335828098,181.80189014645103,196.353223880217,210.61524195146438,153.15032993694507,383.7802033708746
2024-05-28,796.066268504458,181.86951815658992,197.9353589626165,212.2465562155785,153.15840163783946,385.14450577559154
2024-05-29,802.5242172745502,181.3834864282467,197.37431912933886,212.0950884639056,153.40023177136254,380.68245231046706
2024-05-30,772.2962846898686,175.2552315221511,193.12163650495512,208.94897222311863,154.20637747062392,374.81605520725
2024-05-31,766.2368403945173,175.4496442134884,193.55922417818124,205.59310541695015,154.98027339245874,374.63949524448907
2024-06-03,803.7473075711382,174.7691868208537,194.31103338197332,207.8070344582468,156.41519718616064,383.19435760274934
2024-06-04,813.790676470147,175.84692796228813,195.0067076361767,208.9722640126117,156.67317072147245,382.79308496011083
2024-06-05,855.7463007752661,179.2026679658648,196.82451316737024,211.2328121928784,157.8984894749772,397.2945743698622
2024-06-06,845.6679940592377,179.41820062660665,198.30562942537975,215.56746755751539,156.77794238644526,396.25133923976347
2024-06-07,844.899202064265,179.1350529286801,195.75853404344704,214.7518104254583,158.7207538919267,395.60930301154195
2024-06-10,851.2033710992912,180.834042899873,196.60103998466826,217.96783759470847,155.68159805854611,403.34559375907355
2024-06-11,845.1224307119414,182.86693076574355,198.40965885846663,218.16592448535147,166.9917295303856,407.2538541069763
2024-06-12,875.1080388649876,186.40863806748646,199.72400459814568,217.76975070406544,171.7641041711008,408.353304277425
2024-06-13,905.9326880282971,186.6284128842451,196.7695480543038,214.20415111250742,172.70727131276155,404.5493625264814
2024-06-14,921.7991508910311,187.04682957540365,198.600617467242,214.00606422186442,171.29652559559185,404.99923033080415
2024-06-17,915.5085302613836,189.49812115947853,199.10615887962692,214.47214893161362,174.66618919388083,406.9833975748507
2024-06-18,947.6610298321617,188.6401678077569,196.69091095514057,213.01561198865744,172.74756810698187,401.24774284138516
2024-06-20,914.110484178803,188.3696817131097,198.05019218005572,216.8492271793136,169.0312656840461,403.0230762494834
2024-06-21,884.6839344382529,190.0940467826782,201.79103691900843,220.32160627292342,167.2658464674861,397.46412896030137
2024-06-24,825.5512257406368,189.20228591236418,201.33043099185969,216.23165693789957,167.78981587080293,400.78182413135687
2024-06-25,881.3288905409527,190.5885239041924,206.733837074115,217.12887089316632,168.53953371610558,410.1725871792469
2024-06-26,883.4957286185061,191.09991775795697,206.5653462079577,225.60009473179727,171.90919731439453,412.1969185579379
2024-06-27,866.650580157787,191.3915497679171,208.2840941112838,230.54067444310178,172.59442794689437,417.3702999866345
2024-06-28,863.5052165027846,188.89799229912467,204.62190367497263,225.18061138102618,169.7890428881928,405.04743220842823
2024-07-01,868.8174182353401,193.03138306805047,205.5655488649317,229.78326456476935,174.73067640668364,405.41694716320825
2024-07-02,857.4241694350775,194.10909826357656,208.09311829903015,233.0459108729896,177.56828655871118,409.2889270565607
2024-07-03,896.6363483313693,194.73883140536856,208.74468283495432,230.237703379772,178.6001436738075,409.65846659159445
2024-07-05,879.5115906541339,197.60853968060198,214.1144045067608,233.0459108729896,182.4615515820873,433.71774187353765
2024-07-08,896.0770232179798,197.05066373201146,212.35068671124205,232.21859006619403,183.6546452422661,425.2106635285876
2024-07-09,918.3044090658301,194.218992158433,212.29453455817514,232.27685509991068,184.34791054950944,425.7568859276511
2024-07-10,942.9779755068568,197.05489291507405,214.76593463572837,232.80120484337647,187.81431113802776,429.52439974252184
2024-07-11,890.4853722894438,192.17342971632885,208.4638360522284,227.27802813488148,183.45311190296334,411.8595299948228
2024-07-12,903.3464361259695,191.68738501503145,207.90215969025482,226.62550242923584,185.8473338980644,400.7496731594383
2024-07-15,897.7546785170764,191.86066476400995,209.54227049441764,224.56304113961215,188.95903630309186,398.57269840489516
2024-07-16,883.21611940199,189.98415288782175,206.61028169319385,224.91261356192004,189.2976281109449,393.4556057573099
2024-07-17,824.712451431267,187.4483295343118,203.35251062400798,218.98158161740855,184.50914709459187,371.12341284533335
2024-07-18,846.3805121657279,186.11701903048055,199.61168308853357,214.1109306145592,180.72028575795892,382.2573829096568
2024-07-19,824.2931442868502,184.73921345886913,199.57798147460645,213.38849398045036,180.82509444908266,383.0125128854299
2024-07-22,863.5052165027846,187.20321853804018,204.0826778521389,212.71265870531968,180.54295517928895,391.5356421360855
2024-07-23,856.865004342224,188.0104476389191,204.2174843078473,217.21044549636807,181.38938533072036,392.5719456346238
2024-07-24,798.5710699539775,181.26937632328185,193.92743022355234,210.70846244941256,176.1736472171793,370.5450148940975
2024-07-25,784.801409514221,176.8316659952082,187.91737788713073,209.5665424645327,175.3272294077982,364.2309867896499
2024-07-26,790.253362514856,179.73518178903396,187.60282949047772,212.654393671603,175.70610566782125,374.1037440335275
2024-07-29,779.9784972404792,180.35224035459234,190.44498172818572,213.4700508036601,175.9318294257065,374.11175719625334
2024-07-30,725.0396600897116,178.74199836294292,191.29873874419425,211.7338701468512,176.38327694147702,372.0874258175623
2024-07-31,817.932488002627,176.81053305284942,192.7029382508673,217.8746170967602,179.02740077099554,381.43800015055405
2024-08-01,763.3431357024151,176.28645164989706,191.8267134922407,214.48381260635213,176.02855407388554,399.8419243880669
2024-08-02,749.7830488245992,172.64333476533128,187.220912272927,195.642035065878,177.2377787938028,392.1301401535344
2024-08-05,702.1134645612854,167.0053277976873,178.89673405727865,187.62526782224168,168.700770261188,382.1610037346623
2024-08-06,728.6742065231705,168.8902980400007,177.8182824116111,188.68561320391987,167.0562290852387,396.9098196577507
2024-08-07,691.3494165084519,168.3915787624697,178.54846684322024,189.66441954238033,169.14413373401388,392.7567154021406
2024-08-08,733.7068523793887,170.19203020830219,182.01969867075604,193.19506366970677,171.95755346745892,409.39334397453484
2024-08-09,732.1691083689074,171.59940114248914,183.86201915848156,194.52342465048312,174.31956271128433,415.9323551416514
2024-08-12,762.0150185940529,171.93329903716682,182.31176212131274,194.36029322407174,175.56244420236197,414.47027248747565
2024-08-13,811.7815653008803,174.97628706137874,184.41247885262433,198.35702206114735,178.58090241739419,424.5840145392201
2024-08-14,825.3415988385177,176.18079991105742,180.1548932369342,198.20555430947445,178.94407958943924,423.15418117797793
2024-08-15,858.7522332032611,178.26393202846603,181.19964326867463,206.93311229247306,181.36529364854024,431.6451840369688
2024-08-16,870.7744693902384,177.1800287337962,183.06443149901818,206.315542051059,182.43870644698723,423.68427893057464
2024-08-19,908.6585845183466,178.4756376677249,187.23212894075775,207.66721260132041,182.30955923267746,425.17851255666903
2024-08-20,889.436971077955,179.8601502566472,187.80505637751864,208.43626837439933,182.80995531992662,423.1299942082777
2024-08-21,898.1741456820291,179.580712823616,186.310968696895,209.86949574787047,182.72117895213896,429.9019524402815
2024-08-22,864.9031559050078,175.94370620046885,184.00805948549902,205.23188709989574,181.2119436735977,427.30731001384174
2024-08-23,904.2550327292001,176.46872165612214,186.0525724533089,206.2922324815739,183.07628442328962,424.1502713813642
2024-08-26,883.9150891031016,175.07149557210371,186.65921870747516,204.49778679104838,183.350685227547,418.62345048384697
2024-08-27,896.7762062798058,175.21968562769865,184.99662295721598,201.72453476206238,184.03670575126586,417.00071129109324
2024-08-28,877.9738999838312,173.8478865338725,182.94087611809707,199.0212114415315,182.79381191813792,415.1370364509801
2024-08-29,821.9166259669992,174.9148471503836,181.73885188803013,200.5593052076974,185.45715231996914,416.2937831929442
2024-08-30,834.3582759787505,176.6169117117171,183.53625409399774,207.9934754541432,184.81956200161645,418.776093859699
2024-09-03,754.8855703148571,173.35673048862827,176.77356678682722,205.37170895682212,179.7915094469447,411.1044000190497
2024-09-04,742.3740446690658,173.12809514416486,175.75130170118317,201.96924079167547,178.24192800598195,411.8916318062339
2024-09-05,749.3637416801823,172.91216032184343,176.6387603311188,207.28268471478094,179.47675013821552,415.20128923430974
2024-09-06,718.7489327797067,170.0796195603349,169.5390396811989,199.70869261140876,178.21771290329886,401.87431808999133
2024-09-09,744.1913445558847,171.7816841216684,167.27808975329867,204.38125672361508,178.29035821134812,405.5053131754769
2024-09-10,755.5845400159687,175.37211783931036,167.22183437936215,209.2169700422248,177.64468385005074,405.5053131754769
2024-09-11,817.1636426674758,179.11497079560988,170.03400095444897,215.00816234981795,179.70273307915704,411.1606150593997
2024-09-12,832.8218654727357,180.79163431265948,174.0047529769759,217.8979266662453,179.7915094469447,422.22229459741385
2024-09-13,832.5422029160409,182.31163643503479,177.12061255392862,217.30366599431625,179.57358586484727,421.43503822997593
2024-09-16,816.3247616777486,182.62918840744598,177.79552220986247,215.43929159533553,174.58589181464734,428.80046210877066
2024-09-17,808.0063608163048,184.24233634083166,179.21286517393233,217.75810480931895,174.9652000464308,431.2448208637194
2024-09-18,792.4879426193028,182.40478224604516,179.76403021068413,217.23373728586114,178.11279313372248,432.55553831523866
2024-09-19,823.9441928380808,185.74117957493985,182.3849629213433,221.24212979767526,184.71464223204003,449.5618293239355
2024-09-20,810.8723819556843,184.29313842939948,184.01600749245887,223.25798972832084,184.17389998236936,451.37098516120807
2024-09-23,812.6898952032178,183.54797194131632,182.05875056642452,225.91471168987357,182.77766851634917,453.83146856262357
2024-09-24,844.9150440973258,181.71041784652982,182.55367743271808,226.0079321878218,183.50403520248955,452.96309735777635
2024-09-25,863.3694124079258,182.95519874598236,181.6537978914729,224.3416446794841,182.69696384945587,456.96736817686724
2024-09-26,867.0742611968535,182.61648788530405,183.04862150248985,222.7452858796015,183.62509837385466,456.5894713555549
2024-09-27,848.6199462264324,181.2234909843482,184.4209601674105,219.02820075637862,183.8429972718515,456.2035122110092
2024-09-30,848.8995021027698,182.18884742372376,186.55819988308514,217.1172249984198,188.04784741375113,460.28825878091163
2024-10-01,817.862665708766,178.11998412888786,187.8405471531856,215.71895308918027,182.5678289771964,463.52867363414447
2024-10-02,830.7946719829046,176.6126695557003,186.56945095787248,215.2878060636707,183.02785421792348,460.5857781724274
2024-10-03,858.7558069952311,176.36287532296978,186.56945095787248,212.02517753544242,182.13200649710214,468.5944181316242
2024-10-04,873.2256639602083,176.15964102279028,187.91927026974022,217.32695778380932,183.04400996176247,479.1841813776925
2024-10-07,892.7984691368727,173.39907421107088,183.32984676173766,210.673506985181,178.91987682880642,470.2106681373852
2024-10-08,928.938200402385,175.58805266163182,184.904653162395,212.91074559596268,182.2127235060457,476.7317111390029
2024-10-09,927.2605451032882,176.7523882722159,182.07000164121183,215.76555444815838,185.25538448171073,474.8179909022336
2024-10-10,942.359549475516,176.0664952117799,182.3174736760977,217.49008921022076,184.85183646314357,469.44671385051214
2024-10-11,942.2896738414763,176.26971653900523,183.62230589229455,220.01865298958566,183.6493134765377,474.36772981385064
2024-10-14,965.1479673224732,177.46372129579834,185.55707787223253,218.52714280240585,186.67583105041402,474.7455774746554
2024-10-15,919.9208298398295,177.2943464060279,186.11951118724988,218.70193790355583,188.73386793746997,471.40870970566687
2024-10-16,948.720685821347,176.1850420670742,185.78203055406556,217.76975070406544,187.0632233251421,463.7859797305082
2024-10-17,957.1789446312276,176.4390784558215,183.27359138780116,218.51549690765935,187.36183923208256,463.8985572927308
2024-10-18,964.6585178431233,177.04878135635997,183.8247908315095,220.21673988022866,189.66200246186878,463.52867363414447
2024-10-21,1004.5730802119605,177.31128908418663,184.55595586137989,220.3099603781769,190.85646608963057,462.47536060000397
2024-10-22,1003.734252562412,181.00756913498094,185.75954560796922,221.04404290703226,190.35608234443168,467.98330386263325
2024-10-23,975.5633839676092,179.77547578471615,183.10487687642637,215.22955880994604,186.24000857031973,453.25255442605874
2024-10-24,981.5051598288446,179.83052002930071,183.03737042770257,217.17549003213645,186.08667093742747,456.54124489767696
2024-10-25,989.4040935253358,181.27853522893275,185.90577517324763,218.86506932996724,186.76460741820168,460.939537184547
2024-10-28,982.2740051639961,180.61803023982645,187.5368197443632,219.51759503561289,188.37067842337464,464.88756838303414
2024-10-29,987.3769533756832,182.88746695221002,190.86641533531815,222.36075799306207,188.5885896634218,477.04535517698554
2024-10-30,974.025479936592,183.13303200187795,196.24324204364936,224.5746870343587,185.70735036359372,475.8552284504147
2024-10-31,928.0294971187968,172.0484340055118,192.4749749603374,217.19878182162952,182.32571497651645,456.3804408775765
2024-11-01,946.4838120892182,173.75049856684532,192.6774254925958,230.63387716105802,179.90450091741545,456.0426590304012
2024-11-04,951.0275418678731,172.94180352214408,190.37148846902463,228.12864073117018,179.1781218892248,450.83228431979524
2024-11-05,978.0099912822145,174.2119984388347,190.9339045805637,232.46329609580712,180.34031105545944,460.28019645767813
2024-11-06,1017.8544646562976,177.90403633361223,198.54921347417707,241.30738414623903,179.7511509424729,459.97466390343646
2024-11-07,1040.7128648176515,180.1268871675364,203.31861977181993,244.75647145035575,183.5928115702772,475.77490018112576
2024-11-08,1031.9748901108976,178.903265156351,200.61896394460618,242.5774800932987,183.37466583127443,473.8772554303157
2024-11-11,1015.4079640220494,176.98526577269607,202.86868000119736,241.01607675764777,181.168931628312,468.9160261718252
2024-11-12,1036.5883888432347,179.1107286395931,204.29725683657622,243.42811046957937,181.168931628312,470.2427699487963
2024-11-13,1022.4680700689921,180.02951217346344,201.2151332805072,249.47565470153216,181.88801650477703,466.36710301737975
2024-11-14,1025.8932563012254,180.74506140715428,197.50310436765346,246.42274117870144,184.39269985003793,464.0834991220241
2024-11-15,992.4797949070131,175.71084167294288,194.02727921142008,236.0871607210818,181.79105735764233,445.5253583724185
2024-11-18,979.687539900954,176.03262282841666,197.188143087522,235.02679755941162,184.23110538549685,445.7826644687823
2024-11-19,1027.640893914719,176.89211996168567,200.3602236314547,238.4176198298117,184.44116708155497,451.1619546832296
2024-11-20,1019.8118358522677,175.9182921832308,197.95304413827606,236.4017776791581,185.0228972802626,454.724026737171
2024-11-21,1025.2642689145107,175.1588943644125,188.56044390479045,231.15824468451584,184.6350853758244,452.7700932052498
2024-11-22,992.2700613245366,176.9110345288797,185.33209078344294,229.69004406682112,185.7258264128886,449.59398029585407
2024-11-25,950.8178082853966,177.6704453206522,188.58294605436504,234.73549017082038,188.1497063548538,454.39430721322907
2024-11-26,957.109068997188,181.5735142610712,190.23649277505524,242.2046158814978,189.91913673776037,461.17270547171813
2024-11-27,946.0643449242652,179.4522805772368,190.36022019075904,239.73433491584154,189.8141058897313,457.68299768484735
2024-11-29,966.406155456617,179.65167488297908,190.04525891062758,242.23957134572936,191.75321478012359,461.7999443871759
2024-12-02,969.0623896733414,182.84202269371846,192.90241258138536,245.5255272234347,193.57919643749187,476.683484681125
2024-12-03,980.45659859682,182.9353501260874,192.7336808665323,248.70659892845325,196.05155595302443,493.42445643073205
2024-12-04,1014.5691363725012,185.57416576283015,196.14199957404188,254.20648384745513,196.34242105237826,493.5289716697213
2024-12-05,1014.0797935735087,187.78024256699996,194.19601092627312,256.9913817711877,196.3666608391619,489.6291669291121
2024-12-06,995.763949706879,188.18328630745552,196.52448450637542,264.5420643050748,196.20506637462086,501.5617494381107
2024-12-09,970.3874663915203,189.2226793963347,197.49295431547532,263.44674567917303,199.3641992789404,493.3601053263874
2024-12-10,944.2421377410101,188.08146159009888,208.52922647312525,262.2232510910914,200.18831500343447,497.9836018982101
2024-12-11,973.8828482988649,190.48270351694842,220.04974213706424,268.3057507872758,199.15412524083197,508.7261068411455
2024-12-12,960.1110542519624,190.7245193828584,216.17579408675164,266.8026124853415,200.3418377670812,507.20640807215534
2024-12-13,938.5096687408218,189.75298781729333,213.76582763009355,265.04312225904755,200.47918010278832,498.81180896841283
2024-12-16,922.7803968175916,191.58574191903332,221.46870222809127,271.4169115638312,202.8303406844025,502.3445321993643
2024-12-17,911.5252990800487,192.80333150652518,220.0722614901171,269.342804379461,204.8017610624728,498.4818436419333
2024-12-18,901.179011306451,185.56143929477983,212.16667830768694,256.9564263069561,200.4145447853819,480.5766035927113
2024-12-19,913.5525459100585,185.40870870522198,212.2905605546952,260.18409937095277,201.82039070858363,479.27291609376755
2024-12-20,941.6554591172535,185.22628302354676,215.55640005518876,262.08342923416507,205.6178174281228,470.96813323726553
2024-12-23,976.3995446082248,184.65355304242047,219.18261801844145,262.2465606605765,206.2480272003978,482.71715041118154
2024-12-24,980.2445180464825,186.38446945384965,220.84930819652843,266.8958329832897,208.61535586790131,489.07453808326255
2024-12-26,978.2171645361154,185.86688750094135,220.27498727802782,264.56537387455984,209.27785244375374,485.5337033685702
2024-12-27,957.804091525079,182.65109972705554,217.07670583669287,260.7201127891571,206.5065684700233,482.684999439263
2024-12-30,961.1597221643444,180.23288917613894,215.36495974902186,257.86530393696137,203.7675836419206,475.788419320694
2024-12-31,938.789277957338,178.82014743892154,213.18023843332742,255.63971122092627,202.32941388899053,471.17736035727404
2025-01-02,966.8920844841754,177.58134707134587,213.32662282991026,256.6068538846482,197.02112274027087,482.2262827435865
2025-01-03,1009.9552109187347,179.60501116679464,215.9843365771065,261.23281663787645,196.6252144508377,486.5637634826532
2025-01-06,1044.629314095309,181.51412407683648,221.7051812403639,265.21789958020554,197.95026931279403,507.1407296341076
2025-01-07,979.685192933093,179.18924095828876,220.1511050310196,258.8091370311983,195.69606787831455,497.23449408460834
2025-01-08,979.4755660309739,180.11835096368617,218.41682238681747,258.83244660068334,196.09195148364714,491.4645744774008
2025-01-10,950.1143580092778,177.73831981692047,216.26587149896315,255.11536147746043,191.3653905336351,495.6008904196925
2025-01-13,931.3790469776955,176.9916484661525,215.1059441802181,254.55605626976302,189.3858861126201,489.54131710217246
2025-01-14,921.1026348381375,176.3468018327411,213.585638398714,253.74038135771397,188.48096698483033,478.21070500776585
2025-01-15,952.4213207361612,180.8607801584374,220.2186630901782,260.25402807940793,192.18950625812917,496.61487504781627
2025-01-16,933.7559920189758,180.12682230276553,217.24562678980686,257.1195577333675,184.42501133771597,491.9313043358032
2025-01-17,962.697732875719,182.0147374056777,220.72542594952017,263.27196835801504,185.81470151707867,493.1143027887834
2025-01-21,984.5088519693361,181.7898771908806,223.03404671570118,268.83011831073367,179.88427229697837,496.08374492456164
2025-01-22,1028.1313035172848,189.29906415054492,223.39440797498202,273.84059117050936,180.84574269922985,501.749050971765
2025-01-23,1029.1798647493097,189.5154141074001,222.9552031747987,274.318339554997,180.70840036352277,512.170291998052
2025-01-24,997.0222445213803,188.39116492523135,225.4665325254121,273.6541679546048,179.99738718795209,521.054480596194
2025-01-27,827.8458668862504,184.36081833135506,216.0068559301594,274.318339554997,185.71774236994395,531.0251164105456
2025-01-28,901.7383364198405,189.7233056981301,219.9371281683216,277.49941126001556,192.50461114426668,542.6534445384981
2025-01-29,864.757110495847,187.6572070695595,220.0610104153298,276.24097898769435,193.3933745282174,544.3916617634181
2025-01-30,871.398336119802,176.05829630473832,226.2097743970267,273.4094619249917,191.96327647618173,552.8493829588174
2025-01-31,839.3806805206669,176.08800436980988,229.7571660228552,276.9517519470647,190.6786294868984,554.6036756696967
2025-02-03,815.5422079166826,174.3316220493259,226.61519156589156,276.64879866372695,184.2230213425522,561.2668908590645
2025-02-04,829.4538065718434,174.94677359061987,232.4148797700514,282.0554630847806,188.0931550803921,566.6827073305998
2025-02-05,872.656684274482,175.33709086302514,215.46632264297725,275.1922617207708,187.82652976782197,567.2299129398137
2025-02-06,899.5710182806793,176.41043417299264,215.77037691788678,278.29177660257955,188.43249975331327,572.9595700913618
2025-02-07,907.6803256417908,173.83525087650142,208.72066677929212,267.01234527073103,183.91600049935934,574.9955525103353
2025-02-10,933.7559920189758,174.88314125036834,209.99322527025805,271.6616175934443,184.13438073731777,577.3131754768954
2025-02-11,928.3731145497006,174.55222713515204,208.6981646297175,271.2188246731882,188.15435930781587,579.2444951753571
2025-02-12,916.7684252812444,173.5340318534025,206.7724416793485,266.7559933463714,191.59196589299083,583.734914253321
2025-02-13,945.7800417720273,174.1704071477345,209.62159573271163,268.4339267494556,195.36120336965126,586.2939644723158
2025-02-14,970.6671822883937,173.27523439047127,208.5967845322839,266.46468595778015,197.84437452124416,592.8203168087457
2025-02-18,974.5120490462944,173.78858716031698,206.9526137072498,264.0992713848187,197.7392202527121,576.4842801595873
2025-02-19,973.3236298658328,175.9649688723694,208.6418404418679,264.0759795953256,198.0627547592026,566.3447288413944
2025-02-20,979.4755660309739,176.89593401021452,207.84227438240373,259.70636876645705,198.83925485365012,559.1584950125128
2025-02-21,939.7679635553229,173.52915402263093,202.32413830357876,252.36541901795948,198.61277823069673,550.0730432965807
2025-02-24,910.7563470645399,171.73949607467597,201.86241415034257,247.85598633216455,199.8664960419353,537.6641446302132
2025-02-25,885.240059140923,169.14639712846252,197.54926129984665,247.96085272485934,199.81795475811649,529.109872198043
2025-02-26,917.7471108792295,169.92433329880365,194.51991801510397,249.7669620901234,194.41485197901383,542.1465013849437
2025-02-27,839.9399522938777,166.8636242191822,189.75630928963741,243.23002357893637,191.9397772124159,529.7053534256424
2025-02-28,873.2858316817325,168.75955660777745,191.76084137395236,247.35492837819183,195.6119444634889,537.7204825718319
2025-03-03,797.3661686583112,165.1462256260083,188.07833362980662,238.8953682142994,192.5302332406836,527.1382408834144
2025-03-04,810.8583534886977,165.19723528184295,192.4815810959923,237.47378673557483,190.83164622648292,515.0270582505926
2025-03-05,820.0162754220125,170.47270007198043,194.84650884654462,242.78723065868024,190.67797535823263,528.280976880735
2025-03-06,772.9684242811161,168.71705720988467,194.09198149318624,233.8615680050467,190.3463444667472,505.3139743351426
2025-03-07,787.7888862404009,167.1951999550617,195.7924765060699,232.17198870721592,193.3714427048393,503.4872190361775
2025-03-10,747.871603522452,161.60516697197434,187.00965355979534,226.68374968296052,183.99687795495683,481.2203604386961
2025-03-11,760.3151737806352,161.72844895554422,184.9464232076298,229.0724738254071,178.62612368968308,487.43292125562084
2025-03-12,809.1850720842508,162.9272147865213,188.40769422124845,231.75250535644483,175.5039675680539,498.57839487870416
2025-03-13,808.0664751976503,161.01427485499642,183.50329222963614,225.92635758462006,169.59937025922565,475.30561397633227
2025-03-14,850.6440993260801,165.17598558289657,186.58123534048607,230.65718673054306,172.68109382408124,489.3888212078429
2025-03-17,835.6824992540709,165.2355054966731,185.22828499557355,228.082039372192,173.09360217116412,487.21415699715334
2025-03-18,807.0177539450896,163.03348922716154,181.14693181126134,224.67957120704543,172.03401246905,469.0593782117558
2025-03-19,821.6297624861858,164.8614173899467,184.77731301625488,227.84897923732547,174.09657888856503,470.42864582773234
2025-03-20,828.6910953572376,164.44481691237334,183.54839974965498,227.1614980674482,173.1744919688119,471.9912125592806
2025-03-21,822.8882173212229,166.32375473099316,184.8900646128237,228.6296986851429,176.54738918427873,480.2470315502919
2025-03-24,848.8263727178321,167.09742279940915,189.05033015195144,236.8445528194222,178.53714984909067,498.45008595407484
2025-03-25,843.7925533776834,167.98163341039051,192.2973834541763,239.69937945160993,180.97987610185967,504.45872898580336
2025-03-26,795.3421222390207,165.7753749848622,186.09642411941417,234.36262595901943,179.18423120412191,492.1112317933292
2025-03-27,779.0521383577559,166.03467839300643,182.91703209721754,234.63062377812562,181.06076589950743,485.34551694578056
2025-03-28,766.7472525640791,161.02702726895507,173.99892099784302,224.56304113961215,176.24810680662222,464.53277700025654
2025-03-31,757.7283351363425,159.5774553148215,174.34842686233674,221.6965686126779,179.66954530590792,464.2267036804321
2025-04-01,770.1031499042376,162.46811491105515,177.08813238695853,223.922161328713,180.5269228559529,471.9912125592806
2025-04-02,771.9908054867041,162.44686521210878,177.05429314520526,228.39663855027635,181.09311441333637,470.32393394671305
2025-04-03,711.7249380337144,158.60821996214622,169.9288360917964,207.88860906144845,164.34995069042355,428.191068457543
2025-04-04,659.3592844415033,152.9671773232242,164.15631217982175,199.25425379640612,152.3709047765771,406.5326448813926
2025-04-07,682.6406722196016,152.12547908308974,165.4528695229716,204.2181252972037,146.77367388834998,415.8113711326427
2025-04-08,673.2722166011305,150.72266165581988,163.14159942113739,198.8580800151201,139.46167555798255,411.13979558446465
2025-04-09,799.3272203266085,165.99642115113045,178.93714502773028,222.67537495113837,160.83955069259574,471.80597576694237
2025-04-10,752.0653150487645,162.11103434725834,172.29648199191504,211.16290126441527,154.02095050695897,440.0069439216873
2025-04-11,775.5564364093392,165.12923105603286,177.16704474177408,215.4159820258505,160.27334679316198,437.81615506453085
2025-04-14,774.0183190176073,164.85716226097574,179.3430266905084,212.2116007513469,163.80802360392434,428.07829425329027
2025-04-15,784.435495888639,163.97296462294855,176.23126154138347,209.26357140120297,163.5006571833232,420.0560859940178
2025-04-16,730.5317782448748,157.9705733183046,172.87147384606808,203.13447034604044,157.1350225856435,404.5834553384471
2025-04-17,709.5575665543745,156.3424545957955,170.4249155911339,201.13027409013338,159.32699540252455,403.9149461769256
2025-04-21,677.5369772454131,152.66110641526205,166.4901188381872,194.96621757073927,156.2372001367746,390.36734267485394
2025-04-22,691.3799270906434,155.93436437616404,170.7744214556276,201.79444569052555,161.55942546027978,402.9484014385593
2025-04-23,718.0870878429398,159.1523575522604,175.14892190962738,210.44046463030642,165.49043019018544,419.049278799992
